id|File name|Path to|Size|Parent directories|Directory name

0|Czfmlevwuisqgaphnyo.mp4|test/|5660 bytes|Other|Other

1|Czfmlevwuisqgaphnyo0.mp4|test/|5660 bytes|Other|Other

2|Czfmlevwuisqgaphnyo1.mp4|test/|5660 bytes|Other|Other

3|Fvzjyqgcwbepmkdaixhs.png|test/|21.58203125 KB|Other|Other

4|Fvzjyqgcwbepmkdaixhs0.png|test/|21.58203125 KB|Other|Other

5|Fvzjyqgcwbepmkdaixhs1.png|test/|21.58203125 KB|Other|Other

6|Fztvmnwlerhkbiyjqdcguasxopztv.webm|test/|12.59765625 KB|Other|Other

7|Fztvmnwlerhkbiyjqdcguasxopztv0.webm|test/|12.59765625 KB|Other|Other

8|Fztvmnwlerhkbiyjqdcguasxopztv1.webm|test/|12.59765625 KB|Other|Other

9|Fztvmnwlerhkbiyjqdcguasxopztv2.webm|test/|12.59765625 KB|Other|Other

10|Fztvmnwlerhkbiyjqdcguasxopztv3.webm|test/|12.59765625 KB|Other|Other

11|Qnfwucmgxsjalozvhkpbrtdyienf.mp3|test/|19.306640625 KB|Other|Other

12|Qnfwucmgxsjalozvhkpbrtdyienf0.mp3|test/|19.306640625 KB|Other|Other

13|Qnfwucmgxsjalozvhkpbrtdyienf1.mp3|test/|19.306640625 KB|Other|Other

14|Qnfwucmgxsjalozvhkpbrtdyienf2.mp3|test/|19.306640625 KB|Other|Other

15|Qnfwucmgxsjalozvhkpbrtdyienf2.mp3|test/|40.0 KB|test/|bat

16|Qnfwucmgxsjalozvhkpbrtdyienf2.mp3|test/|40.0 KB|test/|md

17|Qnfwucmgxsjalozvhkpbrtdyienf2.mp3|test/|0 bytes|test/|txt

18|Akjxvzrlmghuytfodcq.bat|test/bat/|19.453125 KB|test/|txt

19|Akjxvzrlmghuytfodcq0.bat|test/bat/|19.453125 KB|test/|txt

20|Akjxvzrlmghuytfodcq1.bat|test/bat/|19.453125 KB|test/|txt

21|Qxuoebvnglc.md|test/md/|11.89453125 KB|test/|txt

22|Qxuoebvnglc0.md|test/md/|11.89453125 KB|test/|txt

23|Qxuoebvnglc1.md|test/md/|11.89453125 KB|test/|txt

24|Qxuoebvnglc2.md|test/md/|11.89453125 KB|test/|txt

25|Qxuoebvnglc3.md|test/md/|11.89453125 KB|test/|txt

26|untest0.cpp|test/txt/|5400 bytes|test/|txt

27|untest1.cpp|test/txt/|5400 bytes|test/|txt

28|untest2.cpp|test/txt/|5400 bytes|test/|txt

